{
    "data" : {

        "imagePath" : "assets/images/",
        "audioPath" : "assets/media/audio/",


        "audio" : {
            "instructionAudio" : "Drag and drop the appropriate facilities to.wav"
        },

        "feedBack" : {

            "allCorrectAnswers" : "Well Done! You have unlocked the door.wav",

            "almostCorrect" : {
                "audio" : "You are almost correct.wav",
                "srcImg" : "crct_feedback_without_text.png",
                "text" : "It is correct!"
            },
            "itsCorrect" : {
                "audio" : "It is incorrect.wav",
                "srcImg" : "incrct_feedback_without_text.png",
                "text" : "It is incorrect!"
            },

            "closeBtn" : {
                "normal" : "btn_normal_state_1.png",
                "onOver" : "btn_rollover_state.png",
                "mouseDown" : "btn_click_state.png"
            }
        },

        "submit" : {
            "onover" : "btn_over.png",
            "mouseDown" : "btn_click.png",
            "normal" : "btn_normal_state.png"
        }, 

        "dropData" : [
            {
                "id" : 1,
                "bayId" : "bay1",
                "text" : "Working on rotational shifts",
                "bgImage" : "dropper_with_placeholder.png"
            },
            {
                "id" : 2,
                "bayId" : "bay2",
                "text" : "Medical Emergency",
                "bgImage" : "dropper_with_placeholder.png"
            },
            {
                "id" : 3,
                "bayId" : "bay3",
                "text" : "Food for rotational shifts",
                "bgImage" : "dropper_with_placeholder.png"
            },
            {
                "id" : 4,
                "bayId" : "bay4",
                "text" : "Child Caretaker",
                "bgImage" : "dropper_with_placeholder.png"
            },
            {
                "id" : 5,
                "bayId" : "bay5",
                "text" : "Newly married couples",
                "bgImage" : "dropper_with_placeholder.png"
            }
        ],
        "dragData" :[
            {
                "id" : "dragItem1",
                "key" : "5",
                "text" : "Wedding Gifts",
                "bgImage" : "Dragger.png"
            },
            {
                "id" : "dragItem2",
                "key" : "3",
                "text" : "Canteen",
                "bgImage" : "Dragger.png"
            },
            {
                "id" : "dragItem3",
                "key" : "2",
                "text" : "Doctor visit",
                "bgImage" : "Dragger.png"
            },
            {
                "id" : "dragItem4",
                "key" : "1",
                "text" : "Transport",
                "bgImage" : "Dragger.png"
            },
            {
                "id" : "dragItem5",
                "key" : "4",
                "text" : "Creche",
                "bgImage" : "Dragger.png"
            }
        ]
    }
}