{
    "data" : {

        "imagePath" : "assets/images/",

        "signalImage" : {
            "correct" : "Asset_26.png",
            "incorrect" : "Asset_25.png"
        },

        "activityData" : [
            {
                "id" : 1,
                "questionImage" : "1.png",
                "answer" : "Against Policy"
            },
            {
                "id" : 2,
                "questionImage" : "2.png",
                "answer" : "Against Policy"
            },
            {
                "id" : 3,
                "questionImage" : "3.png",
                "answer" : "This is OK"
            },
            {
                "id" : 4,
                "questionImage" : "4.png",
                "answer" : "Against Policy"
            },
            {
                "id" : 5,
                "questionImage" : "5.png",
                "answer" : "This is OK"
            },
            {
                "id" : 6,
                "questionImage" : "6.png",
                "answer" : "This is OK"
            }
        ]
    }
}